[
    {
      "id": 1,
      "priority": 1,
      "action": {
        "type": "modifyHeaders",
        "requestHeaders": [
          {
            "header": "origin",
            "operation": "set",
            "value": "https://app2.pontomais.com.br"
          },
          {
            "header": "accept",
            "operation": "set",
            "value": "application/json, text/plain, */*"
          },
          {
            "header": "api-version",
            "operation": "set",
            "value": "2"
          },
          {
            "header": "content-type",
            "operation": "set",
            "value": "application/json"
          },
          {
            "header": "accept-language",
            "operation": "set",
            "value": "pt-BR,pt;q=0.5"
          }
        ]
      },
      "condition": {
        "urlFilter": "https://api.pontomais.com.br/*",
        "resourceTypes": ["xmlhttprequest"]
      }
    }
  ]
  